# TYPO3 changelog index — GENERATED, do not edit by hand.
# grep-only: never read this file as a whole.
# source: docs:main
# columns: number	type	version	title	tags	symbols	migration-gist	note	source	path	migration-symbols
# note column: 'note' means notes/{number}.md exists and takes precedence.
# PROVISIONAL: harvested from an unreleased branch. Entries may still change or be dropped; never promote to a Validity: line without this caveat.
35069	Important	15.0	addQueryString.exclude also applies to config.linkVars	Frontend TypoScript NotScanned ext:frontend		Both addQueryString and config.linkVars carry query parameters of the current request over into generated page links.	-	provisional	15.0/Important-35069-AddQueryStringExcludeAlsoAppliesToConfigLinkVars.rst	-
75037	Feature	15.0	Markers in treeConfig startingPoints	Backend TCA ext:backend	###CURRENT_PID### ###SITEROOT### ###PAGE_TSCONFIG_ID### ###PAGE_TSCONFIG_IDLIST### ###SITE:### 'startingPoints' => '1,###CURRENT_PID###,###SITE:categories.root###'	Starting points of `selectTree` and `category` trees can be made dependent on the record's page, the site root or page TSconfig, without resorting to a page TSconfig override of the whole config.treeC…	-	provisional	15.0/Feature-75037-MarkersInTreeConfigStartingPoints.rst	-
85070	Feature	15.0	New ViewHelper f:form.hasErrors	Fluid ext:fluid	Result hasErrors() getErrors()	Templates can mark up the surroundings of a form field without wrapping them in a block:	-	provisional	15.0/Feature-85070-NewFormHasErrorsViewHelper.rst	-
92902	Breaking	15.0	Structured Form TypoScript recipient overrides	Backend Frontend ext:form NotScanned		The same migration applies to the recipients, carbonCopyRecipients, blindCarbonCopyRecipients and replyToRecipients options. For example, change the following configuration:	-	provisional	15.0/Breaking-92902-StructuredFormTypoScriptRecipientOverrides.rst	-
94822	Feature	15.0	Multiple records with record browser in forms	Backend ext:form		Form definitions can be set up to allow editors the selection of multiple database records and then render them using custom logic.	-	provisional	15.0/Feature-94822-MultipleRecordsWithRecordBrowserInForms.rst	-
94886	Feature	15.0	Show selected item counts in FormEngine	Backend JavaScript ext:backend NotScanned	types renderTypes minItems maxItems	Editors get immediate visual feedback about how many items are currently selected in relation to the configured minItems and maxItems limits.	-	provisional	15.0/Feature-94886-ShowItemCountsInFormEngine.rst	-
98988	Feature	15.0	Index records on change in indexed_search	Backend ext:indexed_search	RecordIndexer	Records covered by an indexing configuration with the option "Index Records immediately when saved?" enabled are searchable as soon as an editor saves them, without any further indexing run.	-	provisional	15.0/Feature-98988-IndexRecordsOnChangeInIndexedSearch.rst	-
99678	Feature	15.0	Improved link handling in the rich text editor	Backend JavaScript RTE ext:rte_ckeditor		Editors get a link workflow comparable to other modern editors. The generated HTML output of links is unchanged.	-	provisional	15.0/Feature-99678-ImprovedLinkHandlingInRichTextEditor.rst	-
102217	Deprecation	15.0	Deprecate `NumberFieldType->getFormat()`	PHP-API NotScanned ext:core	NumberFieldType->getFormat() E_USER_DEPRECATED getFormat() NumberFieldType->getScale() 0 NumberFieldType	Use NumberFieldType->getScale() to check the number of decimal digits. If it returns 0 it is of former format `integer`, otherwise it is of former format `decimal`.	-	provisional	15.0/Deprecation-102217-DeprecateNumberFieldType-getFormat.rst	NumberFieldType NumberFieldType->getScale()
102217	Feature	15.0	Configurable scale for TCA type "number"	Backend TCA ext:core	0 30 roundDecimalString() InvalidArgumentException '1,5' 15 6 18 MathUtility MathUtility::roundDecimalString()	The TCA migration from `format` to `scale` is done like the following:	-	provisional	15.0/Feature-102217-ConfigurableScaleForTCATypeNumber.rst	-
103403	Feature	15.0	Check record links in Link Validator	Backend TSConfig ext:linkvalidator	RecordLinktype	The new `record` link type is enabled by default in `mod.linkvalidator.linktypes`. Existing installations that set `linktypes` explicitly need to add `record` to check these links.	-	provisional	15.0/Feature-103403-AddRecordLinktypeInLinkValidator.rst	-
103481	Important	15.0	Always execute EmptyValidator for honeypot validation	Frontend ext:form	EmptyValidator $acceptsEmptyValues = true AbstractValidator validate() isValid() false AbstractValidator::validate() EmptyValidator::isValid()	The EmptyValidator used by the form framework's honeypot mechanism is intended to be executed for every value. However, the validator inherited $acceptsEmptyValues = true from AbstractValidator.	-	provisional	15.0/Important-103481-FixEmptyValidatorToAlwaysExecuteForHoneypotValidation.rst	-
106584	Important	15.0	Asset and image ViewHelper arguments are registered	Fluid ext:fluid NotScanned		The ViewHelpers , and read the arguments href, src and alt from the tag attributes instead of registering them.	-	provisional	15.0/Important-106584-AssetAndImageViewHelperArgumentsRegistered.rst	-
107345	Feature	15.0	Language filter for the recycler module	Backend ext:recycler	Language	Editors can now narrow down deleted records to a single language in the recycler module, making it easier to locate and restore translated content.	-	provisional	15.0/Feature-107345-RecyclerLanguageFilter.rst	-
108649	Feature	15.0	Introduce publish command for workspaces	Backend PHP-API ext:workspaces	DataHandler GeneralUtility	The new `publish` command simplifies the publishing workflow by: * Using the versioned UID as the primary identifier (the record being published) * Automatically resolving the live ID from the version…	-	provisional	15.0/Feature-108649-IntroducePublishCommandForWorkspaces.rst	-
109153	Breaking	15.0	Obsolete pages-only new record wizard removed	Backend PHP-API TSConfig NotScanned ext:backend	db_new_pages db_new PagePositionMap	Use the page creation wizard instead. New pages are created through the db_new route and the typo3-backend-new-page-wizard-button component, which guide position and page type selection.	-	provisional	15.0/Breaking-109153-ObsoletePagesOnlyNewRecordWizardRemoved.rst	PagePositionMap
109444	Feature	15.0	Add default value support for CountrySelect form element	Backend ext:form		Integrators and editors can now pre-select a country for CountrySelect form elements.	-	provisional	15.0/Feature-109444-AddDefaultValueSupportForCountrySelectFormElement.rst	-
109783	Breaking	15.0	Deprecated functionality removed	Backend CLI Database FlexForm Fluid Frontend JavaScript LocalConfiguration PHP-API RTE TCA TSConfig TypoScript PartiallyScanned	OuterWrapContainer TcaDescription FormResultCompiler MetaInformation CommandNameAlreadyInUseException AbstractXmlParser XliffParser InheritancesResolverService FileMountStorageAdapter FilePathSanitizer DatePicker DatePickerViewHelper TimePickerViewHelper DatabaseIntegrityCheck RenderViewHelper UpgradeWizard AbstractListTypeToCTypeUpdate Confirmation DatabaseUpdatedPrerequisite ReferenceIndexUpdatedPrerequisite AbstractAdditionalFieldProvider private resolveBackPath() LocalizationParserInterface ChattyInterface ConfirmableInterface PrerequisiteInterface RepeatableInterface UpgradeWizardInterface AdditionalFieldProviderInterface +226-more-see-rst	Using above removed functionality will most likely raise PHP fatal level errors, may change website output or crashes browser JavaScript.	-	provisional	15.0/Breaking-109783-DeprecatedFunctionalityRemoved.rst	-
109811	Breaking	15.0	Removed "afterFormStateInitialized" hook	Frontend ext:form FullyScanned	$GLOBALS['TYPO3_CONF_VARS']['SC_OPTIONS']['ext/form']['afterFormStateInitialized'] AfterFormStateInitializedEvent AfterFormStateInitializedInterface afterFormStateInitialized AsEventListener	Register a PSR-14 event listener for AfterFormStateInitializedEvent instead:	-	provisional	15.0/Breaking-109811-RemovedAfterFormStateInitializedHook.rst	AsEventListener AfterFormStateInitializedInterface AfterFormStateInitializedEvent
109811	Feature	15.0	PSR-14 event AfterFormStateInitializedEvent	Frontend ext:form	AfterFormStateInitializedEvent $GLOBALS['TYPO3_CONF_VARS']['SC_OPTIONS']['ext/form']['afterFormStateInitialized'] FormRuntime FormState $formRuntime $request AsEventListener	With the new AfterFormStateInitializedEvent, it is now possible to react to the form state being fully initialized using the standard PSR-14 event listener mechanism.	-	provisional	15.0/Feature-109811-PSR14AfterFormStateInitializedEvent.rst	-
109836	Feature	15.0	PSR-14 event before form value is rendered	PHP-API ext:form	BeforeFormValueIsRenderedEvent RenderFormValueViewHelper $data element value processedValue isMultiValue isSection $element $formRuntime AsEventListener	With this change, it is possible to do the required manipulation in a single EventListener class instead of requiring to override multiple Fluid templates.	-	provisional	15.0/Feature-109836-IntroducePSR14BeforeFormValueIsRenderedEvent.rst	-
109846	Feature	15.0	TCA type "email" supports eval "lower"	TCA ext:core	'type' => 'email' 'type' => 'input' DataHandler	Email addresses can be stored in a normalized, lowercase form, which makes them comparable - for instance when a field is additionally configured with `unique`, or when the value is used to look up re…	-	provisional	15.0/Feature-109846-TCAEvalLowerForTypeEmail.rst	-
109849	Breaking	15.0	Removed "buildFormDefinitionValidationConfiguration" hook	Backend ext:form FullyScanned	$GLOBALS['TYPO3_CONF_VARS']['SC_OPTIONS']['ext/form']['buildFormDefinitionValidationConfiguration'] AfterFormDefinitionValidationConfigurationIsBuiltEvent	The hook has been removed without a deprecation phase to allow extensions to remain compatible with both TYPO3 v14 (using the hook) and v15+ (using the new event).	-	provisional	15.0/Breaking-109849-RemovedBuildFormDefinitionValidationConfigurationHook.rst	-
109849	Feature	15.0	PSR-14 Event after form definition validation config built	Backend ext:form	AfterFormDefinitionValidationConfigurationIsBuiltEvent $GLOBALS['TYPO3_CONF_VARS']['SC_OPTIONS']['ext/form']['buildFormDefinitionValidationConfiguration'] ConfigurationService getPrototypeName(): string getConfiguration(): array setConfiguration(array $configuration): void AsEventListener	With the new AfterFormDefinitionValidationConfigurationIsBuiltEvent, it is now possible to extend the form definition validation configuration using the modern PSR-14 event listener API.	-	provisional	15.0/Feature-109849-PSR14AfterFormDefinitionValidationConfigurationIsBuiltEvent.rst	-
109926	Breaking	15.0	Removed extbase parameter type evaluation via DocBlock	PHP-API NotScanned ext:extbase	Null_ @param InvalidArgumentTypeException #[Validate] InvalidTypeHintException	Use native PHP type declarations, available since TYPO3 v10:	-	provisional	15.0/Breaking-109926-RemoveExtbaseParameterTypeEvaluationViaDocBlock.rst	-
109998	Breaking	15.0	Removed jQuery	Backend JavaScript NotScanned ext:backend		Extensions that import jquery in their backend JavaScript modules will fail to load those modules in the browser because the bare module specifier can no longer be resolved.	-	provisional	15.0/Breaking-109998-RemovedJQuery.rst	-
110023	Breaking	15.0	Harden type declarations	PHP-API NotScanned Backend	daysUntil FormDataGroupInterface BackendUtility QueryResult QueryResultInterface FormDataGroupInterface::compile BackendUtility::daysUntil	Ensure proper PHP type declarations are used when calling these methods.	-	provisional	15.0/Breaking-110023-HardenTypeDeclarations.rst	-
110027	Breaking	15.0	StandardContentPreviewRenderer streamlined	Backend PHP-API NotScanned ext:backend	StandardContentPreviewRenderer final makeInstance() PreviewRendererInterface FormPagePreviewRenderer GeneralUtility GeneralUtility::makeInstance()	Instead of subclassing StandardContentPreviewRenderer, implement PreviewRendererInterface directly.	-	provisional	15.0/Breaking-110027-StandardContentPreviewRendererStreamlined.rst	PreviewRendererInterface StandardContentPreviewRenderer FormPagePreviewRenderer
110028	Breaking	15.0	LoggerAwareInterface removed from FormEngine base classes	Backend PHP-API NotScanned ext:backend	AbstractNode AbstractDatabaseRecordProvider LoggerAwareInterface LoggerAwareTrait TcaFiles TcaInline LoggerInterface setLogger() $logger #[Autoconfigure(public: true)] NodeFactory Autoconfigure	Request a LoggerInterface as a constructor argument in the affected subclass.	-	provisional	15.0/Breaking-110028-LoggerAwareInterfaceRemovedFromFormEngineBaseClasses.rst	LoggerInterface Autoconfigure AbstractNode NodeFactory
110148	Deprecation	15.0	Experimental backend ViewHelpers	Fluid FullyScanned ext:fluid	PagePathViewHelper AbstractBackendViewHelper ModuleTemplate getModuleTemplate() getPageRenderer() E_USER_DEPRECATED AbstractViewHelper PageRenderer	For the page path, use the doc header provided by ModuleTemplate in your backend controller, which already displays the current page path.	-	provisional	15.0/Deprecation-110148-ExperimentalBackendViewHelpers.rst	AbstractViewHelper ModuleTemplate PageRenderer
110175	Important	15.0	TypoScript _LOCAL_LANG.default is a last-resort fallback	Frontend TypoScript ext:core	fr_LU.utf8 fr	Integrators who override English labels of an existing XLIFF file with _LOCAL_LANG.default will no longer see the override applied, as the XLIFF label now takes precedence.	-	provisional	15.0/Important-110175-TypoScriptLocalLangDefaultIsALastResortFallback.rst	-
110188	Breaking	15.0	DataHandler: Drop property bypassAccessCheckForRecords	PHP-API FullyScanned ext:core	DataHandler->bypassAccessCheckForRecords DataHandler->start() DataHandler->BE_USER DataHandler	Use a proper BackendUserAuthentication with sufficient access rights in DataHandler->start() instead for custom DataHandler calls. Check for DataHandler->BE_USERrights in DataHandler hooks.	-	provisional	15.0/Breaking-110188-DataHandlerDropPropertyBypassAccessCheckForRecords.rst	DataHandler DataHandler->BE_USER DataHandler->start()
110196	Breaking	15.0	PHP class Rfc822AddressesParser removed	PHP-API FullyScanned ext:core	Rfc822AddressesParser parseAddresses() Address '"last, first" <email@example.org>' '"last, first"' 'last, first' MailUtility MailUtility::parseAddresses()	To parse a comma-separated list of email addresses with optional display names, use parseAddresses(), which continues to work as before.	-	provisional	15.0/Breaking-110196-Rfc822AddressesParserRemoved.rst	Address MailUtility MailUtility::parseAddresses()
110202	Deprecation	15.0	StringUtility::multibyteStringPad() method	PHP-API FullyScanned ext:core	multibyteStringPad() str_pad() mb_str_pad() ValueError StringUtility StringUtility::multibyteStringPad()	Use the native PHP function mb_str_pad() instead. Note that mb_str_pad() throws a ValueError when an empty pad string is passed, whereas multibyteStringPad() returned the input unchanged.	-	provisional	15.0/Deprecation-110202-StringUtilityMultibyteStringPad.rst	StringUtility ValueError StringUtility::multibyteStringPad()
110211	Breaking	15.0	Raise minimum PHP version to 8.5	PHP-API NotScanned ext:core		Update the PHP platform to PHP 8.5 before upgrading to this TYPO3 version.	-	provisional	15.0/Breaking-110211-RaiseMinimumPHPVersionTo85.rst	-
110218	Breaking	15.0	Class LogRecord declared final	PHP-API NotScanned ext:core	LogRecord final new Logger makeInstance() strict_types setCreated() TypeError ProcessorInterface WriterInterface GeneralUtility GeneralUtility::makeInstance()	To enrich or modify log records, implement a custom log processor (ProcessorInterface), which may return a modified or newly created LogRecord instance.	-	provisional	15.0/Breaking-110218-LogRecordDeclaredFinal.rst	LogRecord ProcessorInterface WriterInterface
110219	Breaking	15.0	Log request ID provided by log processor	PHP-API NotScanned ext:core	LogManager Logger LogRecord RequestIdProcessor $GLOBALS['TYPO3_CONF_VARS']['LOG'] __construct() $requestId RequestId makeLogger() getRequestId() TypeError #[Channel] LoggerAwareInterface LogManager->getLogger() LogLevel LogManager::__construct() LogManager::makeLogger() LogRecord::getRequestId() Logger::$requestId Logger::__construct()	Obtain loggers through dependency injection or LogManager->getLogger(), which attach the RequestIdProcessor automatically.	-	provisional	15.0/Breaking-110219-LogRequestIdProvidedByLogProcessor.rst	RequestId LogLevel LogManager Logger RequestIdProcessor LogManager->getLogger()
110221	Breaking	15.0	Class Logger declared final	PHP-API NotScanned ext:core	Logger final new LogManager makeInstance() #[Channel] LoggerAwareInterface LogManager->getLogger() LoggerInterface LogManagerInterface WriterInterface ProcessorInterface GeneralUtility GeneralUtility::makeInstance()	To customize logging behavior, implement the PSR-3 LoggerInterface and provide the instances through a custom LogManagerInterface implementation, or attach custom log writers (WriterInterface) and pro…	-	provisional	15.0/Breaking-110221-LoggerDeclaredFinal.rst	LoggerInterface LogManagerInterface ProcessorInterface WriterInterface
110250	Breaking	15.0	Remove implicit output buffering from Bootstrap	PHP-API FullyScanned ext:core	Bootstrap ob_start() init() echo print ext_localconf.php ext_tables.php startOutputBuffering() Call to undefined method ob_end_clean() Bootstrap::startOutputBuffering() Bootstrap::init()	Remove any accidental output from ext_localconf.php and ext_tables.php files. Extensions that need to suppress their own output must manage output buffering (ob_start() / ob_end_clean()) themselves.	-	provisional	15.0/Breaking-110250-RemovedImplicitOutputBufferingFromBootstrap.rst	Bootstrap Bootstrap::startOutputBuffering()
110259	Feature	15.0	New PSR-14 AfterFileListRowPreparedEvent	Backend PHP-API ext:filelist	AfterFileListRowPreparedEvent ProcessFileListActionsEvent name size AfterRecordListRowPreparedEvent AsEventListener	Extension authors can now decorate or override the rendered value of any column - not just the action icons - for a file or folder row in the File List module, without resorting to hooks or class-name…	-	provisional	15.0/Feature-110259-NewPSR-14AfterFileListRowPreparedEvent.rst	-
110269	Feature	15.0	Allow row updater registration with PHP attribute	CLI PHP-API ext:core	AsRowUpdater RowUpdaterInterface databaseRowsUpdateWizard DatabaseRowsUpdateWizard	Extensions and projects can now ship their own row updaters and have them executed by the "Execute database row updates" upgrade wizard, both in the Admin Tools > Upgrade backend module and with the u…	-	provisional	15.0/Feature-110269-AllowRowUpdaterRegistrationViaPhpAttribute.rst	-
110277	Breaking	15.0	File renderer registration and interface changed	FAL PHP-API PartiallyScanned ext:core	RendererRegistry->registerRendererClass() E_USER_DEPRECATED FileRendererInterface SingletonInterface getPriority() #[AsFileRenderer] 1 0 canRender(FileInterface $file): bool render(FileInterface $file, int|string $width, int|string $height, array $options = []): string createRendererInstance() compareRendererPriority() RendererRegistry getRendererInstances() @internal getRenderer() registerRendererClass() canRender() render() $width $height bool string RendererRegistry->getRendererInstances() getRenderer($file) AsFileRenderer FileInterface	Remove the RendererRegistry->registerRendererClass() call from ext_localconf.php and add the #[AsFileRenderer] attribute to the renderer class instead.	-	provisional	15.0/Breaking-110277-FileRendererRegistrationAndInterfaceChanged.rst	AsFileRenderer FileInterface FileRendererInterface RendererRegistry RendererRegistry->getRendererInstances() RendererRegistry->registerRendererClass()
110277	Feature	15.0	Register file renderers as tagged services	FAL PHP-API ext:core	RendererRegistry->registerRendererClass() FileRendererInterface AsFileRenderer canRender() 0 1 getPriority() RendererRegistry	Registering file renderers as tagged services has the following benefits over the previous programmatic registration: - The registration is resolved once at container compile time instead of executing…	-	provisional	15.0/Feature-110277-RegisterFileRenderersAsTaggedServices.rst	-
110285	Deprecation	15.0	DataHandler->setCorrelationId()	PHP-API FullyScanned ext:core	DataHandler->setCorrelationId() DataHandler->start() start() E_USER_DEPRECATED CorrelationId DataHandler	Pass the CorrelationId instance directly to DataHandler->start() instead:	-	provisional	15.0/Deprecation-110285-DataHandlerSetCorrelationId.rst	DataHandler CorrelationId DataHandler->start()
110286	Breaking	15.0	Text extractor registration and interface changed	FAL PHP-API PartiallyScanned ext:core	TextExtractorRegistry->registerTextExtractor() TextExtractorInterface canExtractText(FileInterface $file): bool extractText(FileInterface $file): string createTextExtractorInstance() TextExtractorRegistry getTextExtractorInstances() getTextExtractor() registerTextExtractor() #[AsTextExtractor] canExtractText() extractText() bool string TextExtractorRegistry->getTextExtractorInstances() getTextExtractor($file) AsTextExtractor FileInterface	Remove the TextExtractorRegistry->registerTextExtractor() call from ext_localconf.php and add the #[AsTextExtractor] attribute to the extractor class instead.	-	provisional	15.0/Breaking-110286-TextExtractorRegistrationAndInterfaceChanged.rst	AsTextExtractor FileInterface TextExtractorInterface TextExtractorRegistry TextExtractorRegistry->getTextExtractorInstances() TextExtractorRegistry->registerTextExtractor()
110286	Feature	15.0	Register text extractors as tagged services	FAL PHP-API ext:core	TextExtractorRegistry->registerTextExtractor() TextExtractorInterface AsTextExtractor canExtractText() PlainTextExtractor 0 TextExtractorRegistry	Registering text extractors as tagged services has the following benefits over the previous programmatic registration: - The registration is resolved once at container compile time instead of executin…	-	provisional	15.0/Feature-110286-RegisterTextExtractorsAsTaggedServices.rst	-
110287	Breaking	15.0	Meta tag manager registration and interface changed	PHP-API Frontend PartiallyScanned ext:core	MetaTagManagerRegistry->registerManager() removeAllManagers() MetaTagManagerRegistry addProperty() removeProperty() removeAllProperties() MetaTagManagerInterface void AbstractMetaTagManager #[AsMetaTagManager] registerManager() identifier before after AsMetaTagManager	Remove the MetaTagManagerRegistry->registerManager() call from ext_localconf.php and add the #[AsMetaTagManager] attribute to the manager class instead:	-	provisional	15.0/Breaking-110287-MetaTagManagerRegistrationAndInterfaceChanged.rst	AsMetaTagManager AbstractMetaTagManager MetaTagManagerRegistry MetaTagManagerRegistry->registerManager()
110287	Feature	15.0	Register meta tag managers as tagged services	PHP-API Frontend ext:core	MetaTagManagerRegistry->registerManager() MetaTagManagerInterface AbstractMetaTagManager AsMetaTagManager before after generic registerManager() MetaTagManagerRegistry	Registering meta tag managers as tagged services has the following benefits over the previous programmatic registration: - The registration and the resolution of the before/after ordering constraints…	-	provisional	15.0/Feature-110287-RegisterMetaTagManagersAsTaggedServices.rst	-
110319	Breaking	15.0	Encryption key is checked before ext_localconf.php loading	LocalConfiguration PHP-API NotScanned ext:core	Bootstrap $GLOBALS['TYPO3_CONF_VARS']['SYS']['encryptionKey'] RuntimeException ext_localconf.php $GLOBALS['TCA'] TcaSchemaFactory->load() TcaSchemaFactory	Set the encryption key in the system configuration, either directly in config/system/settings.php or in config/system/additional.php, both of which are evaluated before the check:	-	provisional	15.0/Breaking-110319-EncryptionKeyCheckedBeforeLoadingExtLocalconf.rst	-
110319	Breaking	15.0	Removed unused internal Bootstrap methods	PHP-API FullyScanned ext:core	Bootstrap baseSetup() createConfigurationManager() populateLocalConfiguration() @internal init() Call to undefined method protected Bootstrap::baseSetup() Bootstrap::createConfigurationManager() Bootstrap::populateLocalConfiguration() Bootstrap::init()	Remove calls to baseSetup(), init() performs the equivalent setup internally. Replace createConfigurationManager() with a direct instantiation:	-	provisional	15.0/Breaking-110319-RemovedUnusedInternalBootstrapMethods.rst	Bootstrap Bootstrap::baseSetup() Bootstrap::createConfigurationManager() Bootstrap::init()
110331	Feature	15.0	Improved form template picker with icon and description	Backend ext:form		Integrators can enrich form template entries with an `iconIdentifier` and a `description` to improve the editor experience in the "Create new form" wizard.	-	provisional	15.0/Feature-110331-FormTemplatePickerWithIconAndDescription.rst	-
110333	Important	15.0	File metadata is resolved in every context	PHP-API FAL ext:core	FileMetadataOverlayAspect MetaDataRepository EnrichFileMetaDataEvent @internal typo3-frontend/overlay	The metadata of a file, stored in sys_file_metadata, is now resolved for the language and the workspace of the current context in every context - frontend, backend, command line and eID requests alike…	-	provisional	15.0/Important-110333-FileMetadataIsResolvedInEveryContext.rst	-
110334	Breaking	15.0	XML sitemap data provider interface changed	PHP-API PartiallyScanned ext:seo	XmlSitemapDataProviderInterface getKey() getItems() getLastModified() getNumberOfPages() getSitemap() XmlSitemapRequest XmlSitemap InvalidConfigurationException AbstractXmlSitemapDataProvider forPage() create() XmlSitemap::create() XmlSitemap::forPage()	Move the collecting of items from the constructor to getSitemap() and take the configuration, the requested page and the content object renderer from the XmlSitemapRequest.	-	provisional	15.0/Breaking-110334-XmlSitemapDataProviderInterfaceChanged.rst	AbstractXmlSitemapDataProvider XmlSitemap XmlSitemapDataProviderInterface XmlSitemapRequest XmlSitemap::create() XmlSitemap::forPage()
110334	Deprecation	15.0	AbstractXmlSitemapDataProvider	PHP-API FullyScanned ext:seo	AbstractXmlSitemapDataProvider XmlSitemapRequest getSitemap() E_USER_DEPRECATED XmlSitemapDataProviderInterface $this->key $sitemapRequest->name $this->config $sitemapRequest->configuration $this->request $sitemapRequest->request $this->cObj $sitemapRequest->contentObjectRenderer $this->items forPage() $this->numberOfItemsPerPage getKey() getItems() getLastModified() getNumberOfPages() XmlSitemap ServerRequestInterface GeneralUtility ContentObjectRenderer XmlSitemap::forPage()	Implement XmlSitemapDataProviderInterface directly instead of extending the base class.	-	provisional	15.0/Deprecation-110334-AbstractXmlSitemapDataProvider.rst	ServerRequestInterface GeneralUtility ContentObjectRenderer AbstractXmlSitemapDataProvider XmlSitemap XmlSitemapDataProviderInterface XmlSitemapRequest XmlSitemap::forPage()
110347	Deprecation	15.0	LazyLoadingProxy and LazyObjectStorage	PHP-API FullyScanned ext:extbase	LazyLoadingProxy LazyObjectStorage LoadingStrategyInterface Lazy] ObjectStorage E_USER_DEPRECATED instanceof false LazyLoadingProxy->_loadRealInstance() _loadRealInstance()	No change is required for declaring lazy relations, the Lazy] attribute remains the single way to do so. Union type declarations can be reduced to the actual entity type:	-	provisional	15.0/Deprecation-110347-LazyLoadingProxyAndLazyObjectStorage.rst	-
110347	Feature	15.0	Native lazy objects for Extbase lazy loading	PHP-API ext:extbase	Lazy] LazyObjectStorage LazyLoadingProxy ObjectStorage Category instanceof DataMapper __serialize() __unserialize() spl_object_hash() unserialize() detach() contains() offsetGet() Category|LazyLoadingProxy|null ?Category LazyLoadingProxy->_loadRealInstance() instanceof LazyLoadingProxy count() null _loadRealInstance()	Lazy loading works transparently for domain models using the Lazy] attribute.	-	provisional	15.0/Feature-110347-NativeLazyObjectsForExtbaseLazyLoading.rst	-
110348	Deprecation	15.0	AssetCollector media handling	FAL Frontend PHP-API NotScanned ext:core	AssetCollector AssetCollector->addMedia() AssetCollector->getMedia() AssetCollector->hasMedia() AssetCollector->removeMedia() $TSFE->imagesOnPage addMedia() AfterFileProcessingEvent E_USER_DEPRECATED ImageService->applyProcessingInstructions() ImageContentObject removeMedia() AsEventListener SingletonInterface ImageService	Remove calls to addMedia() and removeMedia() — they serve no rendering purpose. To collect the images processed during a request, register a PSR-14 event listener instead.	-	provisional	15.0/Deprecation-110348-AssetCollectorMediaHandling.rst	AsEventListener AfterFileProcessingEvent SingletonInterface
110414	Breaking	15.0	Remove global access time variables	PHP-API NotScanned ext:core	$GLOBALS['ACCESS_TIME'] $GLOBALS['SIM_ACCESS_TIME'] $GLOBALS['EXEC_TIME'] $GLOBALS['SIM_EXEC_TIME'] getTimestamp() getTimestampWithMinutePrecision() $context->getPropertyFromAspect('date', 'accessTime') StartTimeRestriction EndTimeRestriction RuntimeException 1462820645 1462821084 null Context CacheLifetimeCalculator RedirectService PageLayoutController class) DateTimeAspect DateTimeFactory DateTimeAspect::getTimestamp() DateTimeAspect::getTimestampWithMinutePrecision()	Use the date aspect of the Context API instead of the global variables:	-	provisional	15.0/Breaking-110414-RemoveGlobalAccessTimeVariables.rst	Context DateTimeAspect DateTimeFactory
110453	Feature	15.0	Derive PageRepository instances for another Context	PHP-API ext:core	PageRepository Context withLanguageAspect() withContext() new LanguageAspect() class, $context)	Extension authors can inject PageRepository through dependency injection and derive Context-specific instances where they are needed, instead of cloning a Context and calling class, $context).	-	provisional	15.0/Feature-110453-DerivePageRepositoryInstancesForAnotherContext.rst	-
110477	Deprecation	15.0	CommandRegistry->getSchedulableCommands()	CLI FullyScanned PHP-API ext:core	CommandRegistry->getSchedulableCommands() E_USER_DEPRECATED CommandRegistry->getSchedulableCommandsConfiguration() CommandRegistry->get() CommandRegistry	Use CommandRegistry->getSchedulableCommandsConfiguration() to retrieve the configuration indexed by command identifier.	-	provisional	15.0/Deprecation-110477-CommandRegistryGetSchedulableCommands.rst	CommandRegistry CommandRegistry->get() CommandRegistry->getSchedulableCommandsConfiguration()
110479	Deprecation	15.0	ActionMenuItemGroup defaultController argument	Fluid NotScanned ext:fluid	E_USER_DEPRECATED	Remove the unused defaultController argument from the ViewHelper call.	-	provisional	15.0/Deprecation-110479-ActionMenuItemGroupDefaultControllerArgument.rst	-
110485	Breaking	15.0	Menu content object registration changed	Frontend PHP-API TypoScript PartiallyScanned ext:frontend	MenuContentObjectFactory @internal registerMenuType() NoSuchMenuTypeException AbstractMenuContentObject __construct() makeInstance() MenuContentObjectFactory->registerMenuType() MenuContentObjectFactory->getMenuObjectByType() ContainerInterface GeneralUtility GeneralUtility::makeInstance()	Remove the registerMenuType() call from ext_localconf.php and register the menu content object as a tagged service instead.	-	provisional	15.0/Breaking-110485-MenuContentObjectRegistrationChanged.rst	ContainerInterface AbstractMenuContentObject MenuContentObjectFactory MenuContentObjectFactory->getMenuObjectByType()
110501	Important	15.0	Slashes in page titles no longer end up in generated slugs	TCA ext:core	slug	The slug field of the pages table is generated from the page title. Until now, a slash contained in the title was kept as-is.	-	provisional	15.0/Important-110501-SlashesInPageTitlesNoLongerEndUpInGeneratedSlugs.rst	-
110540	Important	15.0	File collector sorting uses an enum	FAL Frontend PHP-API TypoScript NotScanned ext:frontend	FileCollector->sort() FileCollectionSorting Ascending Descending Random FileCollector @internal sort() fromKeyword() asc ascending desc descending rand random ValueError FileCollectionSorting::fromKeyword()	The sorting order passed to FileCollector->sort() is no longer a plain string but the new enum FileCollectionSorting with the cases Ascending, Descending and Random.	-	provisional	15.0/Important-110540-FileCollectorSortingUsesAnEnum.rst	-
110578	Breaking	15.0	SingletonInterface removed from core services	PHP-API NotScanned ext:core	SingletonInterface makeInstance() ConfigurationService ProcessedImageCollector DataProviderCollection CacheManager CommandRegistry AbstractExceptionHandler Locales FlashMessageService MetaTagManagerRegistry PageTitleProviderManager OnlineMediaHelperRegistry TaskTypeRegistry RendererRegistry TextExtractorRegistry QueryObjectModelFactory AbstractTypeConverter ExtensionService ValidatorResolver SessionService Scheduler CollectionService setSingletonInstance() removeSingletonInstance() TypeError $container->get() ArgumentCountError ServiceNotFoundException Autoconfigure +4-more-see-rst	Inject the service instead of fetching it. Since services are shared, the injected instance is the same one the rest of the request uses:	-	provisional	15.0/Breaking-110578-SingletonInterfaceRemovedFromCoreServices.rst	Autoconfigure Locales SingletonInterface GeneralUtility GeneralUtility::setSingletonInstance()
110625	Feature	15.0	Group record history entries by their operation	Backend PHP-API ext:backend	DataHandler RecordHistory->findEventsForScope() RecordHistory->getScopeOfEvent() null scopePrefix() RecordHistory CorrelationId CorrelationId::scopePrefix()	Editors can see that one save changed twelve records instead of guessing it from twelve consecutive lines, and undo all twelve at once.	-	provisional	15.0/Feature-110625-GroupRecordHistoryByOperation.rst	-
110637	Breaking	15.0	Scheduler repository throws InvalidTaskException	CLI PHP-API NotScanned ext:scheduler	findByUid() findNextExecutableTask() InvalidTaskException UnexpectedValueException SchedulerTaskRepository SchedulerTaskRepository::findByUid() SchedulerTaskRepository::findNextExecutableTask()	Catch InvalidTaskException instead of UnexpectedValueException. Before:	-	provisional	15.0/Breaking-110637-SchedulerRepositoryThrowsInvalidTaskException.rst	InvalidTaskException UnexpectedValueException
110704	Feature	15.0	Type aware field mapping for reactions	Backend JavaScript ext:reactions	${placeholder} ${customer.name} ${flags.archived} true "yes" "on" 1 notMappable notPermitted placeholderUnresolved resolvedToNothing valueNotHoldable valueNotOffered DataHandler 400 201 ${...} ${hidden}	A reaction now creates records that are ready to use. Until now only free text could be mapped.	-	provisional	15.0/Feature-110704-TypeAwareFieldMappingForReactions.rst	-
110769	Feature	15.0	Allow boolean and arbitrary values in HTML attributes	PHP-API Frontend ext:core	implodeAttributes() $convertValues true false null Stringable htmlspecialchars() PageRenderer AssetRenderer JavaScriptRenderer 'true' 'false' GeneralUtility GeneralUtility::implodeAttributes()	Extension authors can pass boolean values and arrays as tag attributes, for example via `tagAttributes` of the PageRenderer or the `additionalAttributes` option of the video and audio renderers.	-	provisional	15.0/Feature-110769-AllowBooleanAndArbitraryValuesInHtmlAttributes.rst	-
110815	Feature	15.0	PSR-14 event after a record is rendered	Frontend PHP-API TypoScript ext:frontend	AfterRecordIsRenderedEvent ModifyRenderedRecordEvent RecordInterface RawRecord AsEventListener	Listeners can modify the output of every record rendered by the CONTENT and RECORDS content objects, for example the content elements of a page rendered with styles.content.get.	-	provisional	15.0/Feature-110815-AfterRecordIsRenderedEvent.rst	-
110850	Feature	15.0	Try out reactions in the backend module	Backend JavaScript ext:reactions	${customer.name} skippedFields DataHandler 400	Integrators configuring a reaction see the request the reaction expects rather than a generic example, and can verify a field map, the permissions of the impersonated user and the storage page before…	-	provisional	15.0/Feature-110850-TryOutReactionsInTheBackendModule.rst	-
110851	Feature	15.0	Copy a generated password to the clipboard	Backend TCA ext:backend	false	A generated password shown in a field that may not be edited can be copied with a single click. Until now its text could not be selected in such a field, so it was lost once the record was saved.	-	provisional	15.0/Feature-110851-CopyAGeneratedPasswordToTheClipboard.rst	-
110863	Deprecation	15.0	Backend route access "public"	Backend PHP-API NotScanned ext:backend	public access anonymous authenticated-without-token 'access' => 'public' 'access' => 'authenticated-without-token' 'access' => 'anonymous'	Replace 'access' => 'public' with 'access' => 'authenticated-without-token' to keep the current behaviour, which requires a backend user, but no request token.	-	provisional	15.0/Deprecation-110863-BackendRouteAccessPublic.rst	-
110863	Feature	15.0	Improved configuration of public backend routes	Backend PHP-API ext:backend	BackendUserAuthenticator access ajax_login_refresh RouteAccess anonymous authenticated authenticated-without-token Route getAccess() requiresAuthentication() requiresRequestToken() FetchMetadataGuard GET HEAD OPTIONS $GLOBALS['TYPO3_CONF_VARS']['SYS']['features']['security.backend.enforceFetchMetadata'] 'access' => 'anonymous' state-tracker language_domain public	Extensions can register backend routes that are processed without a backend user by using 'access' => 'anonymous'.	-	provisional	15.0/Feature-110863-ImprovedConfigurationOfPublicBackendRoutes.rst	-
110864	Important	15.0	Copying records no longer inherits their language	TCA ext:core ext:frontend	DataHandler	The TCA setting `copyAfterDuplFields` of the table `tt_content` no longer contains the field `sys_language_uid`. It now only contains `colPos`.	-	provisional	15.0/Important-110864-CopyingRecordsKeepsTheirLanguage.rst	-
110865	Deprecation	15.0	uuid option enableCopyToClipboard moved to appearance	Backend TCA TSConfig NotScanned ext:backend	enableCopyToClipboard uuid ['appearance']['copyToClipboard'] password columnsOverrides E_USER_DEPRECATED appearance	Move the option to appearance:	-	provisional	15.0/Deprecation-110865-UuidOptionEnableCopyToClipboardMovedToAppearance.rst	-
110873	Feature	15.0	Upload files by pasting them from the clipboard	Backend FAL ext:backend ext:filelist		Files can be uploaded in the Media module and in the file browser, and added to file fields of records, with Cmd+V or Ctrl+V without dragging them from another window.	-	provisional	15.0/Feature-110873-UploadFilesByPastingFromTheClipboard.rst	-
110878	Important	15.0	Scheduler maximum lifetime defaults to 60 minutes	LocalConfiguration ext:scheduler	$GLOBALS['TYPO3_CONF_VARS']['EXTENSIONS']['scheduler']['maxLifetime']	The default value of the extension setting $GLOBALS['TYPO3_CONF_VARS']['EXTENSIONS']['scheduler']['maxLifetime'] has been lowered from 1440 minutes (24 hours) to 60 minutes.	-	provisional	15.0/Important-110878-SchedulerMaximumLifetimeDefaultsTo60Minutes.rst	-
